{"cameraMode":{"drawMode":0,"name":"Shaded","section":"Shading Mode"},"sceneLighting":true,"audioPlay":false,"sceneViewState":{"m_AlwaysRefresh":false,"showFog":true,"showSkybox":true,"showFlares":true,"showImageEffects":true,"showParticleSystems":true,"showVisualEffectGraphs":true,"m_FxEnabled":true},"in2DMode":false,"pivot":{"x":0.21223224699497224,"y":-3.046170711517334,"z":0.07941260188817978},"rotation":{"x":0.25880390405654909,"y":0.27348893880844118,"z":-0.07666576653718949,"w":0.9232297539710999},"size":7.9666428565979,"orthographic":false}